Name,Year,Country,Type,Captain
Viking 24,1950,France,BULK_CARRIER,William Brown
Poseidon 64,1950,France,PASSENGER,Carlos Sanchez
Titanic 47,1950,France,BULK_CARRIER,Li Wei
Neptune 52,1950,Russia,PASSENGER,Carlos Sanchez
Nautilus 93,1950,France,PASSENGER,Li Wei
Enterprise 5,1950,Germany,TANKER,John Smith
Odyssey 26,1950,UK,BULK_CARRIER,Jean Dupont
Poseidon 99,1950,Japan,PASSENGER,Hans Müller
Aurora 28,1950,France,BULK_CARRIER,William Brown
Aurora 33,1950,France,BULK_CARRIER,Jean Dupont
Titanic 43,1950,China,TANKER,Ivan Petrov
Neptune 85,1950,Russia,BULK_CARRIER,Ivan Petrov
Aurora 58,1950,Germany,PASSENGER,William Brown
Aurora 60,1950,China,BULK_CARRIER,William Brown
Titanic 55,1951,France,BULK_CARRIER,Jean Dupont
Neptune 79,1951,Russia,BULK_CARRIER,Carlos Sanchez
Odyssey 26,1951,USA,BULK_CARRIER,Jean Dupont
Neptune 39,1951,China,TANKER,William Brown
Poseidon 25,1951,UK,TANKER,Ivan Petrov
Enterprise 85,1951,Russia,BULK_CARRIER,Hans Müller
Neptune 19,1951,Japan,BULK_CARRIER,Jean Dupont
Nautilus 47,1951,France,TANKER,Li Wei
Odyssey 6,1951,Japan,TANKER,Jean Dupont
Poseidon 44,1951,Japan,BULK_CARRIER,Li Wei
Nautilus 9,1951,Russia,PASSENGER,William Brown
Odyssey 25,1951,Japan,BULK_CARRIER,Ivan Petrov
Odyssey 31,1951,Germany,BULK_CARRIER,Carlos Sanchez
Nautilus 42,1951,Germany,TANKER,Ivan Petrov
Nautilus 3,1951,UK,TANKER,Hans Müller
Odyssey 81,1952,Germany,TANKER,Li Wei
Aurora 15,1952,China,BULK_CARRIER,Li Wei
Poseidon 1,1952,France,PASSENGER,John Smith
Aurora 93,1952,UK,PASSENGER,Carlos Sanchez
Nautilus 49,1952,China,TANKER,William Brown
Titanic 60,1952,France,BULK_CARRIER,Ivan Petrov
Viking 21,1952,UK,TANKER,John Smith
Nautilus 38,1952,UK,BULK_CARRIER,John Smith
Nautilus 7,1952,Russia,BULK_CARRIER,Jean Dupont
Nautilus 62,1952,Russia,BULK_CARRIER,Ivan Petrov
Neptune 84,1952,Japan,PASSENGER,John Smith
Nautilus 12,1952,UK,PASSENGER,William Brown
Odyssey 19,1952,France,BULK_CARRIER,Hans Müller
Enterprise 98,1953,Russia,BULK_CARRIER,Hans Müller
Neptune 69,1953,China,BULK_CARRIER,Ivan Petrov
Odyssey 60,1953,UK,BULK_CARRIER,Jean Dupont
Nautilus 87,1953,Germany,PASSENGER,Carlos Sanchez
Odyssey 32,1953,Russia,TANKER,Li Wei
Poseidon 45,1953,France,BULK_CARRIER,Hans Müller
Nautilus 1,1953,France,BULK_CARRIER,Li Wei
Titanic 37,1953,Japan,BULK_CARRIER,John Smith
Aurora 10,1953,Germany,TANKER,William Brown
Neptune 66,1953,Russia,TANKER,Carlos Sanchez
Poseidon 95,1953,UK,PASSENGER,Li Wei
Titanic 21,1953,France,TANKER,William Brown
Enterprise 92,1954,France,BULK_CARRIER,Li Wei
Aurora 75,1954,USA,BULK_CARRIER,Jean Dupont
Aurora 38,1954,Germany,BULK_CARRIER,Li Wei
Poseidon 72,1954,Japan,TANKER,Li Wei
Enterprise 98,1954,France,PASSENGER,John Smith
Titanic 28,1954,Japan,TANKER,John Smith
Aurora 14,1954,Russia,BULK_CARRIER,Ivan Petrov
Neptune 5,1954,USA,BULK_CARRIER,William Brown
Enterprise 8,1954,USA,PASSENGER,John Smith
Nautilus 26,1954,Russia,PASSENGER,Hans Müller
Viking 5,1954,Russia,BULK_CARRIER,Carlos Sanchez
Neptune 37,1954,Japan,BULK_CARRIER,Hans Müller
Odyssey 12,1954,UK,PASSENGER,Li Wei
Viking 34,1954,France,TANKER,Hans Müller
Titanic 10,1954,USA,PASSENGER,Hans Müller
Nautilus 88,1955,UK,TANKER,John Smith
Odyssey 95,1955,Russia,TANKER,William Brown
Viking 35,1955,Japan,TANKER,William Brown
Poseidon 40,1955,USA,TANKER,Hans Müller
Aurora 1,1955,USA,PASSENGER,Hans Müller
Odyssey 73,1955,France,PASSENGER,William Brown
Odyssey 25,1955,Japan,BULK_CARRIER,Ivan Petrov
Aurora 62,1955,China,BULK_CARRIER,John Smith
Enterprise 41,1955,France,TANKER,Li Wei
Viking 18,1955,Russia,BULK_CARRIER,Hans Müller
Titanic 4,1955,France,PASSENGER,Carlos Sanchez
Poseidon 75,1955,France,PASSENGER,William Brown
Poseidon 83,1955,France,TANKER,Li Wei
Nautilus 100,1955,France,BULK_CARRIER,Ivan Petrov
Nautilus 82,1955,UK,PASSENGER,John Smith
Enterprise 69,1955,France,BULK_CARRIER,Hans Müller
Poseidon 87,1955,UK,BULK_CARRIER,Ivan Petrov
Neptune 51,1955,UK,PASSENGER,Li Wei
Aurora 73,1956,France,PASSENGER,Hans Müller
Viking 45,1956,China,PASSENGER,Li Wei
Titanic 50,1956,France,PASSENGER,Li Wei
Neptune 1,1956,Japan,TANKER,Ivan Petrov
Odyssey 76,1956,Russia,BULK_CARRIER,John Smith
Viking 3,1956,Japan,PASSENGER,Carlos Sanchez
Titanic 46,1956,Germany,TANKER,Hans Müller
Enterprise 56,1956,UK,PASSENGER,William Brown
Odyssey 88,1956,France,BULK_CARRIER,Ivan Petrov
Titanic 36,1956,USA,BULK_CARRIER,John Smith
Poseidon 90,1956,Germany,BULK_CARRIER,Carlos Sanchez
Aurora 32,1956,Russia,PASSENGER,Carlos Sanchez
Neptune 61,1956,China,BULK_CARRIER,Jean Dupont
Titanic 72,1956,Russia,TANKER,Li Wei
Viking 56,1956,China,BULK_CARRIER,Carlos Sanchez
Poseidon 7,1956,France,TANKER,Carlos Sanchez
Nautilus 57,1957,Russia,BULK_CARRIER,Ivan Petrov
Aurora 72,1957,Germany,TANKER,Ivan Petrov
Viking 22,1957,China,BULK_CARRIER,Carlos Sanchez
Viking 99,1957,France,TANKER,Ivan Petrov
Enterprise 54,1957,China,TANKER,Carlos Sanchez
Enterprise 46,1957,China,TANKER,John Smith
Neptune 82,1957,Japan,PASSENGER,Li Wei
Poseidon 76,1957,UK,PASSENGER,Hans Müller
Neptune 49,1957,Russia,TANKER,William Brown
Nautilus 7,1957,China,PASSENGER,Ivan Petrov
Nautilus 58,1957,China,PASSENGER,Hans Müller
Neptune 49,1958,China,BULK_CARRIER,William Brown
Neptune 28,1958,Japan,TANKER,Ivan Petrov
Titanic 69,1958,Japan,BULK_CARRIER,Jean Dupont
Neptune 24,1958,USA,BULK_CARRIER,Carlos Sanchez
Odyssey 51,1958,UK,PASSENGER,Hans Müller
Aurora 74,1958,China,BULK_CARRIER,Carlos Sanchez
Titanic 80,1958,Germany,PASSENGER,Ivan Petrov
Enterprise 14,1958,Germany,TANKER,Li Wei
Odyssey 96,1958,USA,BULK_CARRIER,William Brown
Viking 32,1958,China,PASSENGER,William Brown
Nautilus 57,1958,Japan,PASSENGER,Carlos Sanchez
Nautilus 80,1959,Russia,BULK_CARRIER,John Smith
Titanic 75,1959,China,PASSENGER,William Brown
Odyssey 50,1959,UK,TANKER,Li Wei
Aurora 66,1959,Russia,PASSENGER,Carlos Sanchez
Enterprise 4,1959,Japan,TANKER,Hans Müller
Nautilus 77,1959,Germany,PASSENGER,Jean Dupont
Poseidon 43,1959,USA,BULK_CARRIER,John Smith
Poseidon 57,1959,France,TANKER,Hans Müller
Enterprise 23,1959,USA,BULK_CARRIER,John Smith
Poseidon 59,1959,Germany,TANKER,John Smith
Viking 29,1960,Japan,TANKER,Carlos Sanchez
Enterprise 3,1960,Japan,TANKER,Li Wei
Poseidon 30,1960,China,TANKER,William Brown
Enterprise 16,1960,Germany,PASSENGER,Hans Müller
Neptune 34,1960,France,PASSENGER,Hans Müller
Aurora 28,1960,USA,TANKER,Hans Müller
Odyssey 75,1960,Russia,TANKER,Li Wei
Aurora 21,1960,Germany,BULK_CARRIER,Carlos Sanchez
Viking 92,1960,Russia,TANKER,William Brown
Odyssey 2,1960,Germany,PASSENGER,Carlos Sanchez
Enterprise 87,1960,China,TANKER,John Smith
Titanic 81,1960,UK,TANKER,Jean Dupont
Odyssey 64,1960,Russia,TANKER,William Brown
Viking 51,1961,Japan,BULK_CARRIER,Jean Dupont
Neptune 93,1961,Japan,PASSENGER,William Brown
Poseidon 72,1961,France,BULK_CARRIER,John Smith
Viking 96,1961,China,TANKER,Ivan Petrov
Viking 3,1961,Russia,PASSENGER,William Brown
Titanic 55,1961,France,TANKER,John Smith
Poseidon 54,1961,USA,PASSENGER,Hans Müller
Viking 17,1961,France,TANKER,Jean Dupont
Titanic 60,1961,UK,PASSENGER,Hans Müller
Titanic 25,1961,Japan,TANKER,Li Wei
Viking 20,1961,Japan,PASSENGER,Li Wei
Titanic 85,1961,Russia,PASSENGER,Jean Dupont
Aurora 73,1962,China,TANKER,Hans Müller
Odyssey 60,1962,France,PASSENGER,Ivan Petrov
Neptune 61,1962,France,PASSENGER,Li Wei
Neptune 32,1962,USA,TANKER,Ivan Petrov
Odyssey 89,1962,Russia,BULK_CARRIER,John Smith
Nautilus 64,1962,USA,BULK_CARRIER,Carlos Sanchez
Poseidon 73,1962,Japan,BULK_CARRIER,Hans Müller
Nautilus 61,1962,UK,BULK_CARRIER,Jean Dupont
Nautilus 75,1962,Russia,BULK_CARRIER,John Smith
Odyssey 25,1962,UK,PASSENGER,Ivan Petrov
Odyssey 3,1962,UK,BULK_CARRIER,Li Wei
Aurora 30,1962,UK,PASSENGER,Hans Müller
Aurora 43,1962,China,TANKER,Li Wei
Enterprise 78,1962,USA,PASSENGER,Li Wei
Poseidon 5,1962,Russia,PASSENGER,Li Wei
Poseidon 25,1962,France,PASSENGER,Hans Müller
Aurora 22,1963,UK,PASSENGER,Carlos Sanchez
Aurora 5,1963,Germany,TANKER,William Brown
Neptune 4,1963,UK,TANKER,Jean Dupont
Titanic 77,1963,Japan,BULK_CARRIER,Ivan Petrov
Neptune 88,1963,Germany,PASSENGER,Carlos Sanchez
Titanic 19,1963,USA,TANKER,Jean Dupont
Poseidon 22,1963,Germany,TANKER,Ivan Petrov
Titanic 31,1963,France,BULK_CARRIER,Hans Müller
Odyssey 81,1963,Japan,PASSENGER,Li Wei
Neptune 51,1963,UK,TANKER,Jean Dupont
Enterprise 9,1963,France,BULK_CARRIER,John Smith
Titanic 23,1963,UK,BULK_CARRIER,William Brown
Nautilus 90,1963,Japan,BULK_CARRIER,Li Wei
Nautilus 26,1963,France,PASSENGER,John Smith
Viking 45,1963,UK,TANKER,John Smith
Neptune 24,1963,China,TANKER,Carlos Sanchez
Aurora 99,1963,USA,TANKER,Carlos Sanchez
Titanic 37,1964,Germany,BULK_CARRIER,Carlos Sanchez
Enterprise 78,1964,USA,TANKER,Ivan Petrov
Viking 99,1964,Japan,TANKER,Hans Müller
Aurora 53,1964,UK,BULK_CARRIER,William Brown
Viking 37,1964,France,PASSENGER,William Brown
Enterprise 8,1964,Germany,TANKER,Li Wei
Odyssey 6,1964,UK,PASSENGER,Carlos Sanchez
Poseidon 85,1964,Japan,TANKER,Hans Müller
Odyssey 62,1964,USA,PASSENGER,John Smith
Titanic 65,1964,Japan,BULK_CARRIER,John Smith
Neptune 54,1964,China,PASSENGER,John Smith
Odyssey 51,1964,USA,TANKER,Jean Dupont
Odyssey 80,1964,France,PASSENGER,William Brown
Viking 96,1964,Russia,PASSENGER,Ivan Petrov
Viking 29,1964,Russia,TANKER,John Smith
Enterprise 64,1964,USA,TANKER,Hans Müller
Nautilus 20,1964,USA,TANKER,Carlos Sanchez
Viking 11,1964,Japan,TANKER,Ivan Petrov
Neptune 71,1964,Germany,TANKER,Jean Dupont
Nautilus 56,1964,Russia,BULK_CARRIER,William Brown
Odyssey 53,1964,Japan,BULK_CARRIER,Ivan Petrov
Enterprise 76,1964,France,TANKER,Li Wei
Titanic 19,1964,Germany,PASSENGER,John Smith
Odyssey 75,1965,UK,TANKER,Jean Dupont
Odyssey 54,1965,USA,PASSENGER,Ivan Petrov
Viking 58,1965,Germany,PASSENGER,Jean Dupont
Enterprise 31,1965,UK,BULK_CARRIER,Jean Dupont
Viking 2,1965,Japan,BULK_CARRIER,Carlos Sanchez
Neptune 84,1965,Germany,BULK_CARRIER,Ivan Petrov
Neptune 17,1965,Germany,TANKER,Hans Müller
Nautilus 23,1965,Russia,PASSENGER,John Smith
Nautilus 77,1965,China,PASSENGER,Carlos Sanchez
Titanic 8,1965,Russia,BULK_CARRIER,Jean Dupont
Enterprise 23,1965,USA,BULK_CARRIER,Hans Müller
Aurora 34,1965,UK,TANKER,Li Wei
Aurora 100,1965,UK,BULK_CARRIER,William Brown
Poseidon 27,1966,France,BULK_CARRIER,Hans Müller
Enterprise 64,1966,USA,BULK_CARRIER,Li Wei
Neptune 68,1966,China,BULK_CARRIER,Carlos Sanchez
Aurora 92,1966,UK,TANKER,Li Wei
Aurora 5,1966,Russia,TANKER,William Brown
Neptune 66,1966,Japan,BULK_CARRIER,Carlos Sanchez
Viking 97,1966,France,BULK_CARRIER,Carlos Sanchez
Titanic 33,1966,UK,BULK_CARRIER,Hans Müller
Viking 46,1966,Germany,BULK_CARRIER,Jean Dupont
Poseidon 44,1966,Japan,TANKER,William Brown
Enterprise 39,1966,USA,BULK_CARRIER,Hans Müller
Aurora 40,1966,France,BULK_CARRIER,William Brown
Viking 74,1967,Russia,BULK_CARRIER,Jean Dupont
Enterprise 86,1967,France,PASSENGER,John Smith
Odyssey 14,1967,Russia,PASSENGER,Li Wei
Titanic 43,1967,UK,PASSENGER,Carlos Sanchez
Poseidon 88,1967,Japan,TANKER,Hans Müller
Neptune 7,1967,Japan,BULK_CARRIER,Li Wei
Odyssey 18,1967,USA,PASSENGER,Jean Dupont
Poseidon 68,1967,China,PASSENGER,Li Wei
Poseidon 75,1967,USA,BULK_CARRIER,Carlos Sanchez
Neptune 10,1967,Japan,PASSENGER,Li Wei
Neptune 82,1967,Germany,TANKER,Carlos Sanchez
Enterprise 29,1967,UK,PASSENGER,William Brown
Titanic 85,1967,France,BULK_CARRIER,Ivan Petrov
Viking 82,1967,UK,BULK_CARRIER,Li Wei
Odyssey 63,1967,China,TANKER,John Smith
Viking 40,1967,Germany,TANKER,Li Wei
Titanic 91,1967,Russia,BULK_CARRIER,William Brown
Odyssey 78,1967,Japan,TANKER,Carlos Sanchez
Titanic 9,1968,Germany,TANKER,John Smith
Nautilus 8,1968,UK,TANKER,William Brown
Neptune 11,1968,Germany,PASSENGER,John Smith
Nautilus 24,1968,China,TANKER,John Smith
Enterprise 31,1968,USA,TANKER,Carlos Sanchez
Poseidon 68,1968,China,BULK_CARRIER,John Smith
Neptune 76,1968,Russia,BULK_CARRIER,Ivan Petrov
Odyssey 62,1968,UK,PASSENGER,Hans Müller
Viking 28,1968,China,PASSENGER,William Brown
Poseidon 3,1968,USA,BULK_CARRIER,Ivan Petrov
Titanic 47,1968,Germany,TANKER,Jean Dupont
Neptune 96,1968,France,PASSENGER,Jean Dupont
Nautilus 63,1968,France,BULK_CARRIER,Hans Müller
Neptune 71,1968,Germany,PASSENGER,Hans Müller
Odyssey 29,1968,France,TANKER,Li Wei
Neptune 87,1969,Russia,TANKER,Ivan Petrov
Odyssey 48,1969,Japan,TANKER,Li Wei
Enterprise 77,1969,France,TANKER,Li Wei
Titanic 53,1969,USA,PASSENGER,Ivan Petrov
Poseidon 51,1969,Japan,PASSENGER,Hans Müller
Odyssey 38,1969,UK,PASSENGER,Hans Müller
Odyssey 7,1969,Japan,PASSENGER,William Brown
Nautilus 4,1969,Japan,TANKER,John Smith
Titanic 32,1969,Germany,TANKER,John Smith
Neptune 68,1969,China,TANKER,Li Wei
Poseidon 28,1970,UK,PASSENGER,Jean Dupont
Titanic 59,1970,Russia,TANKER,Li Wei
Enterprise 9,1970,UK,PASSENGER,John Smith
Nautilus 49,1970,Russia,BULK_CARRIER,Carlos Sanchez
Enterprise 16,1970,Japan,BULK_CARRIER,Jean Dupont
Viking 23,1970,Germany,TANKER,Li Wei
Aurora 68,1970,Germany,TANKER,Carlos Sanchez
Viking 29,1970,Japan,BULK_CARRIER,Li Wei
Nautilus 89,1970,France,PASSENGER,Jean Dupont
Aurora 9,1970,Japan,BULK_CARRIER,Li Wei
Viking 87,1971,Germany,TANKER,John Smith
Odyssey 66,1971,USA,TANKER,William Brown
Nautilus 90,1971,UK,TANKER,Jean Dupont
Viking 43,1971,Russia,TANKER,Ivan Petrov
Enterprise 96,1971,Germany,BULK_CARRIER,Jean Dupont
Odyssey 91,1971,Russia,BULK_CARRIER,Carlos Sanchez
Nautilus 51,1971,China,BULK_CARRIER,Li Wei
Titanic 75,1971,France,BULK_CARRIER,John Smith
Neptune 64,1971,USA,BULK_CARRIER,Jean Dupont
Odyssey 81,1972,Germany,PASSENGER,Ivan Petrov
Nautilus 14,1972,China,BULK_CARRIER,Hans Müller
Odyssey 68,1972,France,BULK_CARRIER,Li Wei
Aurora 66,1972,Russia,TANKER,Hans Müller
Neptune 41,1972,UK,BULK_CARRIER,William Brown
Poseidon 63,1972,Russia,BULK_CARRIER,Li Wei
Aurora 76,1972,France,TANKER,Hans Müller
Nautilus 16,1972,Germany,PASSENGER,Jean Dupont
Neptune 11,1972,Russia,BULK_CARRIER,Ivan Petrov
Neptune 60,1972,Japan,TANKER,John Smith
Viking 87,1972,China,BULK_CARRIER,Carlos Sanchez
Poseidon 29,1972,Germany,PASSENGER,Li Wei
Poseidon 99,1972,USA,TANKER,William Brown
Odyssey 22,1972,Japan,PASSENGER,Ivan Petrov
Aurora 39,1973,Germany,BULK_CARRIER,Carlos Sanchez
Aurora 59,1973,Russia,TANKER,Ivan Petrov
Enterprise 87,1973,France,PASSENGER,Jean Dupont
Poseidon 67,1973,USA,PASSENGER,Hans Müller
Nautilus 76,1973,Russia,BULK_CARRIER,Hans Müller
Poseidon 36,1973,UK,BULK_CARRIER,Li Wei
Titanic 70,1973,China,TANKER,Hans Müller
Poseidon 28,1973,France,BULK_CARRIER,Carlos Sanchez
Aurora 93,1973,Japan,BULK_CARRIER,John Smith
Neptune 95,1973,Russia,PASSENGER,Jean Dupont
Aurora 67,1973,China,TANKER,Jean Dupont
Poseidon 100,1973,France,TANKER,Carlos Sanchez
Nautilus 3,1974,Germany,TANKER,Carlos Sanchez
Enterprise 94,1974,Russia,TANKER,William Brown
Enterprise 60,1974,USA,PASSENGER,John Smith
Viking 61,1974,Japan,PASSENGER,John Smith
Nautilus 14,1974,Japan,BULK_CARRIER,Jean Dupont
Titanic 81,1974,USA,PASSENGER,Jean Dupont
Poseidon 17,1974,USA,BULK_CARRIER,Hans Müller
Viking 83,1974,UK,TANKER,Hans Müller
Nautilus 51,1974,Russia,BULK_CARRIER,Hans Müller
Poseidon 71,1974,China,TANKER,William Brown
Poseidon 80,1974,Germany,BULK_CARRIER,William Brown
Aurora 24,1974,France,PASSENGER,Carlos Sanchez
Aurora 55,1974,USA,TANKER,Jean Dupont
Neptune 73,1975,Japan,TANKER,Carlos Sanchez
Nautilus 38,1975,Germany,PASSENGER,Ivan Petrov
Aurora 93,1975,Russia,TANKER,Carlos Sanchez
Neptune 34,1975,Russia,PASSENGER,Jean Dupont
Odyssey 21,1975,USA,TANKER,Carlos Sanchez
Nautilus 90,1975,Russia,BULK_CARRIER,Hans Müller
Poseidon 55,1975,France,TANKER,Hans Müller
Poseidon 83,1975,China,TANKER,William Brown
Poseidon 64,1975,UK,TANKER,Carlos Sanchez
Poseidon 34,1975,Germany,TANKER,Ivan Petrov
Aurora 8,1975,Japan,TANKER,William Brown
Poseidon 30,1975,USA,TANKER,Hans Müller
Neptune 26,1975,China,TANKER,Li Wei
Neptune 39,1975,UK,TANKER,John Smith
Nautilus 1,1976,UK,TANKER,Ivan Petrov
Odyssey 94,1976,China,BULK_CARRIER,Ivan Petrov
Neptune 2,1976,UK,BULK_CARRIER,Carlos Sanchez
Odyssey 69,1976,Russia,PASSENGER,William Brown
Poseidon 82,1976,UK,BULK_CARRIER,Ivan Petrov
Titanic 49,1976,France,TANKER,John Smith
Enterprise 73,1976,France,TANKER,Carlos Sanchez
Odyssey 65,1976,France,PASSENGER,Jean Dupont
Neptune 68,1976,UK,PASSENGER,Carlos Sanchez
Enterprise 75,1976,Japan,TANKER,Hans Müller
Odyssey 45,1976,Russia,BULK_CARRIER,John Smith
Aurora 71,1976,Germany,TANKER,Jean Dupont
Titanic 100,1976,Japan,PASSENGER,Hans Müller
Viking 27,1976,Germany,PASSENGER,Hans Müller
Viking 60,1977,Germany,TANKER,Jean Dupont
Poseidon 54,1977,Japan,BULK_CARRIER,Carlos Sanchez
Titanic 57,1977,China,TANKER,William Brown
Titanic 62,1977,USA,PASSENGER,Carlos Sanchez
Titanic 1,1977,China,PASSENGER,Jean Dupont
Neptune 2,1977,France,PASSENGER,Jean Dupont
Titanic 86,1977,Japan,TANKER,William Brown
Aurora 87,1977,Japan,PASSENGER,William Brown
Enterprise 79,1977,Russia,BULK_CARRIER,Hans Müller
Titanic 67,1978,China,TANKER,William Brown
Nautilus 83,1978,USA,PASSENGER,Hans Müller
Nautilus 95,1978,France,TANKER,John Smith
Titanic 72,1978,Russia,TANKER,Ivan Petrov
Poseidon 99,1978,China,TANKER,Jean Dupont
Odyssey 69,1978,France,PASSENGER,John Smith
Nautilus 25,1978,Russia,TANKER,Hans Müller
Nautilus 18,1978,Japan,BULK_CARRIER,Jean Dupont
Neptune 65,1979,France,TANKER,Li Wei
Nautilus 33,1979,UK,BULK_CARRIER,William Brown
Neptune 59,1979,UK,BULK_CARRIER,Jean Dupont
Neptune 44,1979,Russia,TANKER,John Smith
Nautilus 41,1979,China,PASSENGER,Carlos Sanchez
Odyssey 68,1980,USA,TANKER,Carlos Sanchez
Nautilus 83,1980,Germany,PASSENGER,Jean Dupont
Aurora 2,1980,France,PASSENGER,William Brown
Viking 54,1980,UK,BULK_CARRIER,Jean Dupont
Poseidon 95,1980,UK,PASSENGER,Li Wei
Neptune 31,1980,China,BULK_CARRIER,William Brown
Nautilus 71,1980,USA,BULK_CARRIER,Hans Müller
Aurora 60,1980,Germany,BULK_CARRIER,Hans Müller
Nautilus 5,1980,France,PASSENGER,Jean Dupont
Neptune 61,1980,USA,TANKER,Carlos Sanchez
Titanic 97,1980,Japan,TANKER,John Smith
Poseidon 41,1980,UK,PASSENGER,Ivan Petrov
Enterprise 24,1980,China,TANKER,Li Wei
Titanic 60,1980,China,BULK_CARRIER,John Smith
Viking 5,1980,UK,BULK_CARRIER,Ivan Petrov
Nautilus 3,1980,China,PASSENGER,Hans Müller
Enterprise 15,1980,Germany,PASSENGER,John Smith
Viking 75,1980,Japan,TANKER,Hans Müller
Nautilus 75,1981,UK,BULK_CARRIER,Li Wei
Odyssey 54,1981,USA,BULK_CARRIER,Ivan Petrov
Nautilus 82,1981,Russia,BULK_CARRIER,John Smith
Enterprise 38,1981,USA,TANKER,Hans Müller
Aurora 51,1981,UK,TANKER,Ivan Petrov
Viking 31,1981,USA,TANKER,Hans Müller
Titanic 45,1981,France,TANKER,Jean Dupont
Titanic 58,1981,Germany,TANKER,Hans Müller
Poseidon 42,1981,Germany,PASSENGER,Ivan Petrov
Poseidon 89,1981,USA,PASSENGER,Hans Müller
Aurora 7,1981,France,PASSENGER,Jean Dupont
Titanic 26,1981,China,TANKER,Carlos Sanchez
Enterprise 3,1981,China,BULK_CARRIER,John Smith
Titanic 3,1982,UK,BULK_CARRIER,Carlos Sanchez
Nautilus 6,1982,China,BULK_CARRIER,William Brown
Neptune 25,1982,China,TANKER,Carlos Sanchez
Poseidon 45,1982,Germany,PASSENGER,John Smith
Poseidon 54,1982,Germany,PASSENGER,William Brown
Titanic 62,1982,Russia,PASSENGER,Jean Dupont
Aurora 44,1982,China,PASSENGER,Li Wei
Odyssey 89,1982,France,TANKER,Li Wei
Neptune 70,1982,Russia,PASSENGER,William Brown
Odyssey 28,1982,Germany,BULK_CARRIER,Carlos Sanchez
Enterprise 5,1982,Russia,PASSENGER,John Smith
Nautilus 90,1982,USA,TANKER,Li Wei
Viking 67,1982,UK,PASSENGER,John Smith
Titanic 16,1983,UK,BULK_CARRIER,William Brown
Enterprise 11,1983,China,TANKER,Carlos Sanchez
Neptune 95,1983,Russia,TANKER,Ivan Petrov
Viking 16,1983,France,BULK_CARRIER,Ivan Petrov
Titanic 60,1983,UK,BULK_CARRIER,Jean Dupont
Neptune 37,1983,China,BULK_CARRIER,Carlos Sanchez
Poseidon 66,1983,USA,TANKER,Jean Dupont
Neptune 14,1983,China,BULK_CARRIER,Hans Müller
Odyssey 6,1983,France,TANKER,Jean Dupont
Nautilus 72,1983,Russia,TANKER,Jean Dupont
Nautilus 78,1983,Russia,PASSENGER,Jean Dupont
Titanic 29,1983,Russia,BULK_CARRIER,William Brown
Viking 89,1983,Russia,BULK_CARRIER,Ivan Petrov
Aurora 9,1983,Russia,PASSENGER,Hans Müller
Nautilus 34,1984,France,BULK_CARRIER,Hans Müller
Neptune 38,1984,USA,PASSENGER,Ivan Petrov
Viking 31,1984,Germany,BULK_CARRIER,Li Wei
Poseidon 86,1984,France,BULK_CARRIER,Hans Müller
Neptune 95,1984,France,BULK_CARRIER,Hans Müller
Poseidon 91,1984,Japan,TANKER,Li Wei
Titanic 90,1984,Russia,BULK_CARRIER,Ivan Petrov
Titanic 95,1984,Germany,BULK_CARRIER,John Smith
Enterprise 54,1984,UK,PASSENGER,John Smith
Titanic 46,1984,USA,PASSENGER,William Brown
Viking 45,1984,Japan,BULK_CARRIER,John Smith
Enterprise 91,1984,Japan,PASSENGER,Jean Dupont
Neptune 2,1984,Russia,PASSENGER,Ivan Petrov
Aurora 11,1984,China,BULK_CARRIER,Li Wei
Viking 42,1984,USA,PASSENGER,Jean Dupont
Neptune 5,1984,China,BULK_CARRIER,Ivan Petrov
Viking 80,1984,UK,PASSENGER,Hans Müller
Viking 31,1985,UK,PASSENGER,Li Wei
Viking 54,1985,Japan,TANKER,Jean Dupont
Neptune 94,1985,Russia,TANKER,Ivan Petrov
Viking 15,1985,Russia,TANKER,Carlos Sanchez
Viking 16,1985,France,PASSENGER,William Brown
Nautilus 13,1985,Russia,BULK_CARRIER,Ivan Petrov
Poseidon 91,1985,China,BULK_CARRIER,Jean Dupont
Poseidon 58,1985,Japan,TANKER,Hans Müller
Odyssey 35,1985,Russia,PASSENGER,William Brown
Titanic 24,1985,Russia,PASSENGER,Hans Müller
Titanic 41,1985,UK,PASSENGER,William Brown
Poseidon 88,1986,Japan,TANKER,Ivan Petrov
Enterprise 99,1986,Japan,TANKER,Hans Müller
Viking 97,1986,France,PASSENGER,Li Wei
Poseidon 7,1986,Germany,TANKER,William Brown
Viking 82,1986,Germany,TANKER,Li Wei
Neptune 77,1986,USA,BULK_CARRIER,Jean Dupont
Neptune 22,1986,UK,BULK_CARRIER,John Smith
Neptune 60,1986,Japan,TANKER,Ivan Petrov
Odyssey 82,1986,Japan,PASSENGER,Jean Dupont
Titanic 36,1986,UK,PASSENGER,Carlos Sanchez
Enterprise 6,1987,Germany,TANKER,Carlos Sanchez
Viking 22,1987,USA,BULK_CARRIER,Jean Dupont
Neptune 36,1987,Japan,BULK_CARRIER,Ivan Petrov
Aurora 96,1987,Germany,TANKER,Carlos Sanchez
Odyssey 90,1987,China,TANKER,Ivan Petrov
Poseidon 71,1987,Japan,TANKER,Ivan Petrov
Neptune 56,1987,USA,BULK_CARRIER,Ivan Petrov
Odyssey 13,1987,Russia,BULK_CARRIER,Carlos Sanchez
Enterprise 96,1987,Germany,PASSENGER,John Smith
Poseidon 44,1987,China,BULK_CARRIER,Hans Müller
Poseidon 38,1987,France,PASSENGER,John Smith
Poseidon 25,1987,Germany,BULK_CARRIER,Ivan Petrov
Odyssey 33,1988,France,PASSENGER,Carlos Sanchez
Viking 58,1988,China,PASSENGER,Hans Müller
Enterprise 71,1988,France,PASSENGER,Li Wei
Poseidon 5,1988,China,TANKER,Carlos Sanchez
Viking 27,1988,Germany,TANKER,Carlos Sanchez
Titanic 2,1988,USA,TANKER,Carlos Sanchez
Nautilus 57,1988,Japan,TANKER,Ivan Petrov
Titanic 38,1988,Japan,TANKER,Jean Dupont
Titanic 9,1988,Russia,BULK_CARRIER,Carlos Sanchez
Viking 25,1988,USA,TANKER,Carlos Sanchez
Odyssey 35,1988,Russia,PASSENGER,Jean Dupont
Titanic 46,1988,USA,BULK_CARRIER,Carlos Sanchez
Aurora 17,1988,UK,TANKER,Li Wei
Titanic 67,1988,France,BULK_CARRIER,Jean Dupont
Viking 97,1988,Germany,TANKER,Jean Dupont
Enterprise 73,1988,France,BULK_CARRIER,John Smith
Aurora 15,1988,Japan,BULK_CARRIER,Jean Dupont
Odyssey 24,1988,China,TANKER,Ivan Petrov
Titanic 88,1988,Russia,BULK_CARRIER,Hans Müller
Odyssey 17,1989,USA,PASSENGER,Li Wei
Enterprise 60,1989,France,PASSENGER,Jean Dupont
Poseidon 79,1989,USA,PASSENGER,Carlos Sanchez
Neptune 16,1989,Germany,PASSENGER,Carlos Sanchez
Odyssey 94,1989,Russia,TANKER,Hans Müller
Odyssey 33,1989,UK,BULK_CARRIER,Li Wei
Neptune 68,1989,USA,TANKER,Carlos Sanchez
Odyssey 9,1989,China,BULK_CARRIER,William Brown
Odyssey 50,1989,China,BULK_CARRIER,Carlos Sanchez
Enterprise 67,1989,Russia,PASSENGER,Hans Müller
Nautilus 96,1989,Germany,TANKER,Jean Dupont
Aurora 97,1990,China,PASSENGER,Jean Dupont
Enterprise 53,1990,Germany,PASSENGER,Hans Müller
Nautilus 55,1990,China,BULK_CARRIER,Li Wei
Aurora 48,1990,UK,PASSENGER,Carlos Sanchez
Poseidon 21,1990,UK,BULK_CARRIER,Jean Dupont
Aurora 91,1990,Japan,PASSENGER,Li Wei
Viking 45,1990,Germany,TANKER,Hans Müller
Titanic 94,1990,France,PASSENGER,John Smith
Titanic 5,1990,China,PASSENGER,John Smith
Poseidon 44,1990,USA,BULK_CARRIER,William Brown
Viking 91,1990,Germany,PASSENGER,Jean Dupont
Odyssey 19,1990,France,BULK_CARRIER,John Smith
Titanic 43,1990,China,BULK_CARRIER,William Brown
Aurora 25,1991,Japan,PASSENGER,Ivan Petrov
Viking 97,1991,Russia,TANKER,Li Wei
Poseidon 74,1991,USA,TANKER,William Brown
Enterprise 59,1991,UK,BULK_CARRIER,Li Wei
Viking 75,1991,Germany,BULK_CARRIER,Ivan Petrov
Nautilus 74,1991,Japan,PASSENGER,John Smith
Enterprise 59,1991,Germany,BULK_CARRIER,Jean Dupont
Viking 5,1991,Japan,BULK_CARRIER,Li Wei
Odyssey 86,1991,China,BULK_CARRIER,Carlos Sanchez
Enterprise 40,1991,China,BULK_CARRIER,Jean Dupont
Titanic 44,1991,USA,BULK_CARRIER,Jean Dupont
Poseidon 28,1991,China,TANKER,William Brown
Poseidon 90,1992,UK,PASSENGER,Li Wei
Titanic 70,1992,USA,TANKER,John Smith
Poseidon 49,1992,USA,TANKER,John Smith
Viking 61,1992,USA,PASSENGER,Hans Müller
Nautilus 88,1992,Germany,PASSENGER,Hans Müller
Nautilus 19,1992,France,BULK_CARRIER,John Smith
Odyssey 66,1992,Japan,BULK_CARRIER,John Smith
Nautilus 80,1992,UK,TANKER,William Brown
Titanic 34,1992,France,PASSENGER,Jean Dupont
Titanic 89,1992,Japan,TANKER,John Smith
Enterprise 18,1992,Germany,BULK_CARRIER,William Brown
Viking 50,1992,USA,PASSENGER,John Smith
Titanic 14,1992,UK,TANKER,William Brown
Poseidon 59,1993,Germany,TANKER,Ivan Petrov
Titanic 74,1993,UK,BULK_CARRIER,Ivan Petrov
Poseidon 87,1993,UK,BULK_CARRIER,Jean Dupont
Aurora 79,1993,Russia,PASSENGER,William Brown
Poseidon 54,1993,France,BULK_CARRIER,Jean Dupont
Poseidon 2,1993,Russia,PASSENGER,Carlos Sanchez
Viking 10,1993,France,BULK_CARRIER,Li Wei
Aurora 91,1993,UK,PASSENGER,Jean Dupont
Enterprise 91,1993,Japan,TANKER,Hans Müller
Odyssey 61,1993,UK,TANKER,Li Wei
Poseidon 6,1994,Russia,TANKER,Jean Dupont
Odyssey 38,1994,Germany,BULK_CARRIER,Carlos Sanchez
Aurora 10,1994,France,BULK_CARRIER,William Brown
Neptune 31,1994,Germany,PASSENGER,John Smith
Poseidon 64,1994,UK,TANKER,Jean Dupont
Poseidon 26,1994,Japan,TANKER,Carlos Sanchez
Titanic 16,1994,Russia,BULK_CARRIER,Ivan Petrov
Aurora 53,1995,Russia,BULK_CARRIER,William Brown
Aurora 36,1995,Germany,PASSENGER,Li Wei
Aurora 41,1995,USA,BULK_CARRIER,William Brown
Enterprise 29,1995,Germany,PASSENGER,Li Wei
Nautilus 88,1995,Russia,BULK_CARRIER,Hans Müller
Titanic 65,1995,France,BULK_CARRIER,William Brown
Odyssey 10,1995,Japan,PASSENGER,Carlos Sanchez
Nautilus 23,1995,Germany,BULK_CARRIER,William Brown
Aurora 29,1995,France,TANKER,Jean Dupont
Poseidon 79,1995,France,BULK_CARRIER,William Brown
Odyssey 62,1995,USA,TANKER,William Brown
Odyssey 47,1995,Russia,BULK_CARRIER,John Smith
Aurora 83,1995,Russia,TANKER,Carlos Sanchez
Nautilus 82,1995,China,BULK_CARRIER,William Brown
Viking 15,1996,Japan,TANKER,John Smith
Neptune 21,1996,Germany,BULK_CARRIER,William Brown
Nautilus 67,1996,Japan,PASSENGER,Carlos Sanchez
Aurora 5,1996,Japan,PASSENGER,John Smith
Viking 23,1996,China,BULK_CARRIER,Li Wei
Poseidon 16,1996,France,BULK_CARRIER,Li Wei
Enterprise 48,1996,China,BULK_CARRIER,William Brown
Enterprise 58,1996,China,TANKER,John Smith
Enterprise 41,1996,UK,PASSENGER,Li Wei
Poseidon 24,1996,USA,TANKER,Li Wei
Titanic 40,1996,Japan,TANKER,William Brown
Viking 5,1996,China,TANKER,Jean Dupont
Nautilus 30,1996,China,BULK_CARRIER,Jean Dupont
Titanic 25,1997,Germany,PASSENGER,Hans Müller
Nautilus 68,1997,Germany,PASSENGER,William Brown
Nautilus 17,1997,China,PASSENGER,John Smith
Neptune 38,1997,USA,TANKER,Jean Dupont
Neptune 78,1997,Germany,BULK_CARRIER,Jean Dupont
Titanic 97,1997,UK,TANKER,Ivan Petrov
Enterprise 47,1997,Russia,PASSENGER,Carlos Sanchez
Poseidon 89,1997,Germany,PASSENGER,Carlos Sanchez
Aurora 76,1997,China,BULK_CARRIER,Carlos Sanchez
Poseidon 9,1997,China,PASSENGER,Hans Müller
Titanic 10,1997,UK,BULK_CARRIER,Li Wei
Poseidon 35,1997,Japan,TANKER,Ivan Petrov
Poseidon 52,1997,Germany,PASSENGER,John Smith
Aurora 64,1997,China,PASSENGER,William Brown
Aurora 51,1997,Japan,BULK_CARRIER,Hans Müller
Neptune 65,1997,Germany,TANKER,Ivan Petrov
Aurora 29,1998,Japan,TANKER,Li Wei
Titanic 59,1998,Japan,BULK_CARRIER,Jean Dupont
Nautilus 24,1998,Germany,PASSENGER,Li Wei
Titanic 97,1998,Russia,TANKER,Carlos Sanchez
Poseidon 22,1998,Japan,TANKER,Li Wei
Nautilus 22,1998,China,BULK_CARRIER,Li Wei
Enterprise 76,1998,Germany,PASSENGER,Hans Müller
Odyssey 21,1998,France,BULK_CARRIER,William Brown
Nautilus 18,1998,France,PASSENGER,Li Wei
Odyssey 90,1998,France,BULK_CARRIER,Ivan Petrov
Nautilus 58,1999,France,PASSENGER,Hans Müller
Odyssey 37,1999,Russia,TANKER,Jean Dupont
Viking 24,1999,China,TANKER,Ivan Petrov
Neptune 46,1999,UK,BULK_CARRIER,Ivan Petrov
Poseidon 70,1999,UK,TANKER,Carlos Sanchez
Enterprise 31,1999,Japan,BULK_CARRIER,Hans Müller
Nautilus 55,1999,China,BULK_CARRIER,William Brown
Nautilus 50,1999,Germany,BULK_CARRIER,Ivan Petrov
Poseidon 90,1999,Russia,TANKER,Li Wei
Odyssey 45,1999,USA,BULK_CARRIER,Ivan Petrov
Odyssey 9,1999,Germany,TANKER,Li Wei
Odyssey 16,1999,Germany,PASSENGER,Hans Müller
Enterprise 80,1999,Germany,PASSENGER,John Smith
Viking 100,1999,USA,TANKER,Jean Dupont
Nautilus 64,1999,UK,PASSENGER,Jean Dupont
Odyssey 76,2000,Japan,BULK_CARRIER,Hans Müller
Nautilus 28,2000,UK,BULK_CARRIER,William Brown
Poseidon 91,2000,China,PASSENGER,Li Wei
Poseidon 55,2000,Russia,BULK_CARRIER,Jean Dupont
Enterprise 39,2000,UK,BULK_CARRIER,Carlos Sanchez
Odyssey 91,2000,USA,PASSENGER,John Smith
Aurora 99,2000,Russia,PASSENGER,William Brown
Neptune 64,2000,China,PASSENGER,Ivan Petrov
Nautilus 10,2000,UK,BULK_CARRIER,Ivan Petrov
Viking 81,2000,Russia,TANKER,Li Wei
Poseidon 14,2000,Germany,BULK_CARRIER,William Brown
Enterprise 98,2000,France,BULK_CARRIER,Carlos Sanchez
Neptune 31,2000,Japan,PASSENGER,Li Wei
Aurora 51,2001,Japan,TANKER,Jean Dupont
Nautilus 52,2001,Russia,BULK_CARRIER,Carlos Sanchez
Odyssey 71,2001,Germany,BULK_CARRIER,Ivan Petrov
Aurora 3,2001,Russia,BULK_CARRIER,William Brown
Viking 21,2001,Russia,PASSENGER,Carlos Sanchez
Enterprise 48,2001,Japan,PASSENGER,Jean Dupont
Neptune 34,2001,Russia,TANKER,Carlos Sanchez
Nautilus 23,2001,Germany,PASSENGER,William Brown
Aurora 59,2001,France,BULK_CARRIER,William Brown
Titanic 85,2001,China,PASSENGER,Jean Dupont
Enterprise 53,2001,China,PASSENGER,Carlos Sanchez
Enterprise 15,2002,China,TANKER,William Brown
Enterprise 72,2002,Japan,TANKER,John Smith
Enterprise 78,2002,France,TANKER,Hans Müller
Viking 43,2002,France,BULK_CARRIER,Li Wei
Aurora 62,2002,UK,PASSENGER,Li Wei
Odyssey 89,2002,UK,TANKER,Jean Dupont
Enterprise 82,2002,UK,PASSENGER,William Brown
Aurora 60,2002,France,TANKER,Li Wei
Poseidon 2,2002,China,BULK_CARRIER,Hans Müller
Enterprise 41,2002,China,PASSENGER,John Smith
Neptune 48,2002,Russia,TANKER,Hans Müller
Aurora 80,2002,France,PASSENGER,Li Wei
Enterprise 18,2002,Germany,BULK_CARRIER,Ivan Petrov
Aurora 91,2003,USA,TANKER,Jean Dupont
Enterprise 81,2003,Germany,BULK_CARRIER,John Smith
Odyssey 11,2003,USA,TANKER,Jean Dupont
Neptune 48,2003,USA,PASSENGER,William Brown
Enterprise 47,2003,Japan,TANKER,Li Wei
Neptune 91,2003,USA,PASSENGER,William Brown
Neptune 71,2003,Russia,TANKER,Li Wei
Titanic 45,2003,USA,BULK_CARRIER,Li Wei
Aurora 74,2003,Germany,PASSENGER,Jean Dupont
Viking 59,2003,Germany,PASSENGER,Hans Müller
Odyssey 14,2003,France,PASSENGER,Jean Dupont
Aurora 4,2003,USA,PASSENGER,Jean Dupont
Nautilus 68,2003,Germany,BULK_CARRIER,John Smith
Titanic 82,2004,France,BULK_CARRIER,Jean Dupont
Enterprise 42,2004,France,PASSENGER,Li Wei
Odyssey 54,2004,UK,BULK_CARRIER,Jean Dupont
Enterprise 55,2004,China,BULK_CARRIER,Jean Dupont
Enterprise 56,2004,Russia,TANKER,John Smith
Nautilus 82,2004,China,BULK_CARRIER,Jean Dupont
Poseidon 84,2004,UK,TANKER,John Smith
Viking 52,2004,China,PASSENGER,Carlos Sanchez
Titanic 28,2004,USA,PASSENGER,Carlos Sanchez
Viking 73,2004,Russia,PASSENGER,Carlos Sanchez
Poseidon 36,2005,China,BULK_CARRIER,Hans Müller
Titanic 68,2005,China,BULK_CARRIER,Li Wei
Neptune 67,2005,Russia,TANKER,Ivan Petrov
Nautilus 80,2005,USA,TANKER,Li Wei
Neptune 67,2005,USA,PASSENGER,John Smith
Viking 49,2005,Germany,BULK_CARRIER,William Brown
Odyssey 59,2005,Germany,TANKER,John Smith
Poseidon 60,2005,Japan,TANKER,John Smith
Poseidon 49,2005,USA,TANKER,Ivan Petrov
Odyssey 46,2005,Russia,PASSENGER,Ivan Petrov
Poseidon 82,2005,UK,PASSENGER,William Brown
Titanic 38,2005,UK,PASSENGER,Li Wei
Nautilus 5,2005,Japan,PASSENGER,John Smith
Neptune 29,2005,Japan,BULK_CARRIER,William Brown
Aurora 14,2005,Germany,TANKER,John Smith
Titanic 49,2005,USA,TANKER,John Smith
Nautilus 20,2006,Japan,TANKER,Carlos Sanchez
Poseidon 60,2006,Russia,TANKER,Ivan Petrov
Viking 44,2006,China,PASSENGER,Ivan Petrov
Odyssey 17,2006,France,PASSENGER,Carlos Sanchez
Titanic 34,2006,France,PASSENGER,William Brown
Neptune 2,2006,Russia,TANKER,Hans Müller
Nautilus 30,2006,Russia,TANKER,Ivan Petrov
Poseidon 59,2006,China,BULK_CARRIER,William Brown
Odyssey 48,2006,USA,BULK_CARRIER,Hans Müller
Enterprise 50,2006,France,TANKER,Ivan Petrov
Titanic 12,2006,UK,TANKER,Jean Dupont
Odyssey 27,2006,Germany,TANKER,Jean Dupont
Titanic 22,2006,USA,TANKER,Li Wei
Nautilus 11,2006,Russia,BULK_CARRIER,Jean Dupont
Nautilus 42,2006,Russia,BULK_CARRIER,Li Wei
Viking 50,2006,France,TANKER,Ivan Petrov
Aurora 3,2006,Russia,PASSENGER,Jean Dupont
Poseidon 36,2006,Russia,BULK_CARRIER,William Brown
Aurora 100,2006,UK,BULK_CARRIER,John Smith
Neptune 58,2007,USA,PASSENGER,William Brown
Odyssey 56,2007,UK,BULK_CARRIER,Hans Müller
Nautilus 8,2007,Russia,BULK_CARRIER,Ivan Petrov
Nautilus 33,2007,Japan,TANKER,William Brown
Enterprise 6,2007,Germany,BULK_CARRIER,Li Wei
Titanic 31,2007,Russia,BULK_CARRIER,Ivan Petrov
Odyssey 78,2007,France,PASSENGER,Ivan Petrov
Titanic 32,2007,Japan,PASSENGER,Li Wei
Odyssey 71,2007,Russia,PASSENGER,Carlos Sanchez
Enterprise 40,2007,Russia,PASSENGER,Hans Müller
Neptune 23,2007,UK,TANKER,Ivan Petrov
Neptune 60,2008,Japan,PASSENGER,John Smith
Poseidon 94,2008,France,TANKER,Ivan Petrov
Poseidon 82,2008,Germany,BULK_CARRIER,John Smith
Poseidon 37,2008,UK,BULK_CARRIER,Li Wei
Viking 67,2008,Japan,BULK_CARRIER,Jean Dupont
Nautilus 47,2008,China,BULK_CARRIER,Ivan Petrov
Neptune 55,2008,USA,BULK_CARRIER,Ivan Petrov
Aurora 87,2009,Russia,TANKER,William Brown
Viking 58,2009,China,TANKER,Hans Müller
Nautilus 30,2009,Russia,BULK_CARRIER,Li Wei
Odyssey 8,2009,USA,PASSENGER,John Smith
Poseidon 49,2009,UK,PASSENGER,William Brown
Poseidon 100,2009,China,BULK_CARRIER,Jean Dupont
Odyssey 11,2009,Germany,BULK_CARRIER,Jean Dupont
Odyssey 59,2009,UK,TANKER,Hans Müller
Enterprise 87,2009,Germany,TANKER,Jean Dupont
Enterprise 11,2009,Germany,PASSENGER,John Smith
Odyssey 13,2009,France,BULK_CARRIER,Jean Dupont
Poseidon 54,2009,Germany,TANKER,Hans Müller
Viking 49,2009,UK,TANKER,Li Wei
Neptune 5,2009,Japan,BULK_CARRIER,William Brown
Titanic 95,2010,Russia,BULK_CARRIER,Hans Müller
Neptune 97,2010,Russia,TANKER,Hans Müller
Odyssey 2,2010,Japan,BULK_CARRIER,William Brown
Poseidon 74,2010,France,BULK_CARRIER,Ivan Petrov
Aurora 74,2010,UK,TANKER,John Smith
Odyssey 100,2010,France,PASSENGER,Carlos Sanchez
Viking 33,2010,Japan,PASSENGER,William Brown
Poseidon 62,2010,France,PASSENGER,Carlos Sanchez
Viking 48,2010,Germany,TANKER,John Smith
Enterprise 69,2010,Japan,TANKER,John Smith
Viking 48,2010,Japan,PASSENGER,Jean Dupont
Aurora 11,2010,France,PASSENGER,Carlos Sanchez
Titanic 1,2010,USA,TANKER,William Brown
Enterprise 82,2010,UK,PASSENGER,John Smith
Nautilus 80,2010,Russia,TANKER,Jean Dupont
Odyssey 8,2010,UK,TANKER,John Smith
Neptune 19,2010,USA,PASSENGER,Hans Müller
Enterprise 99,2011,France,TANKER,John Smith
Poseidon 24,2011,UK,TANKER,Carlos Sanchez
Poseidon 28,2011,UK,BULK_CARRIER,Ivan Petrov
Viking 94,2011,France,PASSENGER,Ivan Petrov
Enterprise 37,2011,Russia,TANKER,William Brown
Enterprise 88,2011,China,TANKER,John Smith
Poseidon 73,2011,Russia,BULK_CARRIER,Jean Dupont
Viking 17,2011,China,BULK_CARRIER,Ivan Petrov
Nautilus 14,2011,France,TANKER,Li Wei
Odyssey 34,2011,France,PASSENGER,William Brown
Enterprise 93,2011,USA,PASSENGER,Li Wei
Enterprise 75,2011,USA,TANKER,William Brown
Poseidon 74,2012,France,PASSENGER,Li Wei
Neptune 84,2012,UK,BULK_CARRIER,Li Wei
Nautilus 19,2012,USA,PASSENGER,Ivan Petrov
Titanic 78,2012,France,TANKER,William Brown
Aurora 86,2012,China,BULK_CARRIER,Jean Dupont
Nautilus 52,2012,Russia,TANKER,William Brown
Poseidon 39,2012,UK,BULK_CARRIER,Carlos Sanchez
Poseidon 49,2012,USA,PASSENGER,Carlos Sanchez
Enterprise 25,2012,Germany,TANKER,Ivan Petrov
Enterprise 66,2012,France,PASSENGER,William Brown
Nautilus 75,2012,France,PASSENGER,Li Wei
Neptune 84,2012,France,PASSENGER,Hans Müller
Titanic 38,2013,Russia,TANKER,Jean Dupont
Odyssey 80,2013,Russia,BULK_CARRIER,Hans Müller
Poseidon 24,2013,UK,TANKER,Ivan Petrov
Enterprise 20,2013,Russia,PASSENGER,Jean Dupont
Neptune 74,2013,Russia,BULK_CARRIER,Jean Dupont
Nautilus 79,2013,China,TANKER,Li Wei
Nautilus 49,2013,Germany,BULK_CARRIER,Li Wei
Poseidon 62,2013,Germany,TANKER,Hans Müller
Enterprise 6,2013,UK,TANKER,Carlos Sanchez
Viking 93,2013,USA,TANKER,Hans Müller
Odyssey 4,2013,USA,TANKER,William Brown
Poseidon 19,2013,USA,BULK_CARRIER,Ivan Petrov
Odyssey 56,2013,Russia,PASSENGER,Carlos Sanchez
Nautilus 27,2014,Germany,BULK_CARRIER,John Smith
Enterprise 56,2014,USA,TANKER,Carlos Sanchez
Titanic 99,2014,Japan,BULK_CARRIER,Jean Dupont
Odyssey 75,2014,Russia,BULK_CARRIER,Jean Dupont
Poseidon 51,2014,France,TANKER,Li Wei
Odyssey 59,2014,Japan,PASSENGER,William Brown
Neptune 51,2014,France,TANKER,Carlos Sanchez
Enterprise 47,2014,Germany,TANKER,William Brown
Odyssey 61,2014,UK,BULK_CARRIER,Hans Müller
Titanic 20,2014,Japan,PASSENGER,Li Wei
Poseidon 16,2014,USA,PASSENGER,John Smith
Odyssey 69,2014,China,BULK_CARRIER,Jean Dupont
Viking 26,2015,Japan,PASSENGER,Ivan Petrov
Aurora 62,2015,Japan,TANKER,William Brown
Aurora 89,2015,France,PASSENGER,Li Wei
Aurora 14,2015,Japan,PASSENGER,Hans Müller
Viking 87,2015,Russia,TANKER,Ivan Petrov
Viking 81,2015,USA,BULK_CARRIER,Jean Dupont
Enterprise 86,2015,Germany,TANKER,Hans Müller
Enterprise 55,2015,France,BULK_CARRIER,Jean Dupont
Titanic 1,2015,China,PASSENGER,Carlos Sanchez
Neptune 53,2015,USA,TANKER,John Smith
Poseidon 10,2015,France,TANKER,William Brown
Enterprise 66,2015,China,BULK_CARRIER,John Smith
Aurora 85,2016,China,PASSENGER,Hans Müller
Poseidon 65,2016,USA,TANKER,Carlos Sanchez
Enterprise 19,2016,USA,PASSENGER,John Smith
Poseidon 93,2016,Russia,BULK_CARRIER,Hans Müller
Titanic 53,2016,Germany,TANKER,Ivan Petrov
Aurora 35,2016,UK,PASSENGER,John Smith
Neptune 49,2016,France,PASSENGER,Jean Dupont
Odyssey 8,2016,Japan,PASSENGER,Li Wei
Poseidon 83,2016,Japan,TANKER,Ivan Petrov
Titanic 75,2016,Japan,TANKER,John Smith
Poseidon 5,2016,Germany,PASSENGER,John Smith
Enterprise 38,2016,China,PASSENGER,Li Wei
Aurora 100,2016,Germany,PASSENGER,William Brown
Odyssey 78,2016,UK,BULK_CARRIER,William Brown
Enterprise 71,2016,China,PASSENGER,John Smith
Enterprise 29,2016,Russia,PASSENGER,Carlos Sanchez
Titanic 7,2017,Russia,BULK_CARRIER,Carlos Sanchez
Odyssey 12,2017,UK,PASSENGER,Li Wei
Enterprise 84,2017,Japan,BULK_CARRIER,John Smith
Enterprise 27,2017,Germany,BULK_CARRIER,Ivan Petrov
Aurora 9,2017,UK,PASSENGER,Carlos Sanchez
Neptune 57,2017,France,TANKER,John Smith
Nautilus 28,2017,UK,BULK_CARRIER,Li Wei
Viking 83,2017,UK,TANKER,Hans Müller
Viking 95,2017,USA,PASSENGER,William Brown
Neptune 69,2017,China,PASSENGER,Ivan Petrov
Aurora 89,2017,USA,BULK_CARRIER,William Brown
Nautilus 66,2018,Germany,BULK_CARRIER,Hans Müller
Poseidon 4,2018,China,TANKER,Hans Müller
Odyssey 33,2018,China,TANKER,Li Wei
Odyssey 6,2018,France,TANKER,Li Wei
Poseidon 52,2018,Japan,BULK_CARRIER,Li Wei
Viking 36,2018,UK,TANKER,Carlos Sanchez
Neptune 16,2018,China,PASSENGER,Ivan Petrov
Titanic 29,2018,Japan,PASSENGER,William Brown
Titanic 11,2018,France,PASSENGER,William Brown
Viking 88,2018,USA,BULK_CARRIER,Li Wei
Titanic 58,2018,France,BULK_CARRIER,John Smith
Nautilus 23,2018,France,TANKER,Li Wei
Neptune 18,2018,China,TANKER,Jean Dupont
Odyssey 93,2019,USA,TANKER,John Smith
Titanic 66,2019,Germany,PASSENGER,Carlos Sanchez
Enterprise 77,2019,Germany,PASSENGER,Li Wei
Aurora 89,2019,Japan,BULK_CARRIER,Hans Müller
Titanic 80,2019,France,BULK_CARRIER,Carlos Sanchez
Poseidon 14,2019,Japan,BULK_CARRIER,Ivan Petrov
Odyssey 70,2019,China,TANKER,Jean Dupont
Nautilus 2,2019,Japan,TANKER,Ivan Petrov
Titanic 38,2019,UK,TANKER,Ivan Petrov
Poseidon 64,2019,Germany,BULK_CARRIER,Hans Müller
Enterprise 62,2019,Japan,TANKER,Jean Dupont
Enterprise 3,2019,France,TANKER,Carlos Sanchez
Enterprise 85,2019,Russia,PASSENGER,Carlos Sanchez
Neptune 23,2019,Germany,TANKER,Li Wei
Nautilus 43,2020,Germany,BULK_CARRIER,Hans Müller
Neptune 38,2020,UK,TANKER,William Brown
Nautilus 72,2020,USA,TANKER,Jean Dupont
Titanic 33,2020,Japan,TANKER,John Smith
Enterprise 61,2020,USA,BULK_CARRIER,Carlos Sanchez
Neptune 58,2020,Japan,TANKER,John Smith
Titanic 95,2020,Germany,TANKER,Jean Dupont
Neptune 78,2020,Germany,TANKER,Ivan Petrov
Titanic 75,2020,Russia,TANKER,John Smith
Enterprise 5,2020,Japan,BULK_CARRIER,Hans Müller
Aurora 98,2021,Japan,TANKER,William Brown
Titanic 70,2021,China,BULK_CARRIER,Jean Dupont
Aurora 49,2021,Russia,BULK_CARRIER,Jean Dupont
Titanic 11,2021,UK,BULK_CARRIER,Carlos Sanchez
Viking 93,2021,USA,PASSENGER,Hans Müller
Viking 12,2021,UK,BULK_CARRIER,William Brown
Poseidon 57,2021,France,PASSENGER,Jean Dupont
Poseidon 25,2021,China,BULK_CARRIER,Hans Müller
Aurora 94,2021,UK,TANKER,William Brown
Titanic 32,2021,China,PASSENGER,Ivan Petrov
Enterprise 54,2021,USA,TANKER,William Brown
Viking 91,2021,China,PASSENGER,William Brown
Titanic 23,2021,UK,TANKER,Carlos Sanchez
Enterprise 32,2021,UK,TANKER,William Brown
Poseidon 30,2021,France,BULK_CARRIER,John Smith
Titanic 8,2021,USA,PASSENGER,Li Wei
Aurora 43,2021,France,PASSENGER,Li Wei
Aurora 58,2022,UK,PASSENGER,John Smith
Enterprise 22,2022,Germany,TANKER,Ivan Petrov
Neptune 72,2022,Russia,TANKER,Carlos Sanchez
Odyssey 47,2022,Japan,TANKER,John Smith
Titanic 97,2022,China,TANKER,Hans Müller
Neptune 90,2022,France,TANKER,Li Wei
Viking 32,2022,France,BULK_CARRIER,Hans Müller
Nautilus 5,2022,Japan,TANKER,Hans Müller
Neptune 61,2022,China,TANKER,William Brown
Aurora 7,2022,France,BULK_CARRIER,Carlos Sanchez
Poseidon 24,2022,UK,TANKER,Li Wei
Poseidon 75,2022,China,PASSENGER,Ivan Petrov
Enterprise 60,2023,USA,TANKER,Ivan Petrov
Poseidon 63,2023,China,BULK_CARRIER,John Smith
Neptune 83,2023,USA,PASSENGER,Hans Müller
Enterprise 29,2023,UK,PASSENGER,Li Wei
Nautilus 65,2023,Japan,PASSENGER,Ivan Petrov
Titanic 28,2023,Germany,PASSENGER,John Smith
Aurora 81,2023,UK,BULK_CARRIER,Ivan Petrov
Enterprise 55,2023,Germany,PASSENGER,Jean Dupont
Poseidon 31,2023,USA,TANKER,Hans Müller
Poseidon 50,2023,Japan,TANKER,John Smith
Nautilus 60,2023,Japan,PASSENGER,William Brown
Neptune 86,2023,Japan,BULK_CARRIER,Hans Müller
Odyssey 71,2024,USA,BULK_CARRIER,Jean Dupont
Nautilus 24,2024,China,PASSENGER,John Smith
Aurora 85,2024,Japan,BULK_CARRIER,Ivan Petrov
Nautilus 89,2024,Germany,TANKER,Hans Müller
Viking 14,2024,UK,PASSENGER,Carlos Sanchez
Nautilus 81,2024,USA,TANKER,Li Wei
Neptune 52,2024,UK,BULK_CARRIER,Jean Dupont
Enterprise 81,2024,France,BULK_CARRIER,William Brown
Nautilus 50,2024,France,PASSENGER,William Brown
Nautilus 95,2024,Russia,PASSENGER,Carlos Sanchez
Titanic 10,2024,USA,TANKER,William Brown
Viking 88,2024,Russia,BULK_CARRIER,Ivan Petrov
Odyssey 100,2024,France,TANKER,William Brown
Titanic 76,2024,Russia,PASSENGER,Jean Dupont
Poseidon 10,2024,China,PASSENGER,Li Wei
Titanic 20,2024,Germany,PASSENGER,John Smith
Poseidon 41,2024,UK,TANKER,Jean Dupont
Titanic 96,2025,USA,BULK_CARRIER,Jean Dupont
Enterprise 63,2025,Japan,PASSENGER,William Brown
Titanic 37,2025,Japan,BULK_CARRIER,William Brown
Neptune 19,2025,Germany,PASSENGER,Jean Dupont
Neptune 83,2025,Russia,BULK_CARRIER,Li Wei
Odyssey 2,2025,France,PASSENGER,Jean Dupont
Odyssey 68,2025,China,PASSENGER,John Smith
Enterprise 46,2025,UK,BULK_CARRIER,Carlos Sanchez
Viking 59,2025,France,BULK_CARRIER,William Brown
Neptune 14,2025,China,PASSENGER,John Smith
Odyssey 18,2025,China,TANKER,Ivan Petrov
Titanic 21,2025,USA,TANKER,Jean Dupont
Enterprise 80,2025,Japan,BULK_CARRIER,Carlos Sanchez
Neptune 3,2025,USA,PASSENGER,Carlos Sanchez
Nautilus 70,2025,USA,PASSENGER,Hans Müller
Aurora 20,2025,China,PASSENGER,William Brown
Poseidon 43,2025,USA,TANKER,John Smith
Titanic 68,2025,China,PASSENGER,Carlos Sanchez
Viking 83,2025,France,PASSENGER,Hans Müller
Titanic 5,2025,Germany,BULK_CARRIER,William Brown
